,1S/C2H2/c1-2/h1-2H,1S/C2H4/c1-2/h1-2H2,1S/CH4/h1H4,1S/H2/h1H,Temperature,exp_sim
0,0.150031208,27.14150481,16.32244237,1.206554752,1073.15,BSSC Experiment_exp
1,0.242700184,27.1389913,16.39812699,1.361971958,1098.15,BSSC Experiment_exp
2,0.6482835,37.94961258,24.62297099,1.249947457,1123.15,BSSC Experiment_exp
3,0.714347413,37.90873549,24.61130322,1.15507585,1123.15,BSSC Experiment_exp
4,0.2126,25.18,15.39,1.288,1073.15,COILSIM1D_sim
5,0.4884,32.58,20.1,1.56,1098.15,COILSIM1D_sim
6,0.8477,38.15,24.41,1.808,1123.15,COILSIM1D_sim
7,0.8556,38.16,24.39,1.809,1123.15,COILSIM1D_sim
