,1S/C2H2/c1-2/h1-2H,1S/C2H4/c1-2/h1-2H2,1S/CH4/h1H4,1S/H2/h1H,exp_sim,Temperature
0,0.150031208,27.14150481,16.32244237,1.206554752,BSSC Experiment_exp,1073.15
1,0.242700184,27.1389913,16.39812699,1.361971958,BSSC Experiment_exp,1098.15
2,0.6482835,37.94961258,24.62297099,1.249947457,BSSC Experiment_exp,1123.15
3,0.714347413,37.90873549,24.61130322,1.15507585,BSSC Experiment_exp,1123.15
