,Area_perc,Ret_Time,Area
methane,0.436161467,1.403737903,6.476469994
ethane,76.15517094,1.576098919,1130.812134
ethylene,22.49847128,1.751879215,334.0750732
propane,0.16007148,2.910080194,2.376867771
i-butane,0.236607303,3.492746592,3.513332129
2-methyl-2-butene,0.513517533,5.516452789,7.625113964
